{
  "standard_rl": {
    "final_deception_rate": 0.0,
    "final_cooperation_rate": 0.9974999999999999,
    "total_shutdowns": 35,
    "final_score": 37.2825,
    "all_scores": [
      37.9,
      37.25,
      37.25,
      37.25,
      37.25,
      37.25,
      37.25,
      37.25,
      37.25,
      37.25,
      37.25,
      37.25,
      37.25,
      37.25,
      37.25,
      37.25,
      37.25,
      37.25,
      37.25,
      37.25
    ],
    "all_deception_rates": [
      0.0,
      0.0,
      0.0,
      0.0,
      0.0,
      0.0,
      0.0,
      0.0,
      0.0,
      0.0,
      0.0,
      0.0,
      0.0,
      0.0,
      0.0,
      0.0,
      0.0,
      0.0,
      0.0,
      0.0
    ]
  },
  "dmm": {
    "final_deception_rate": 0.0,
    "final_cooperation_rate": 0.215625,
    "total_shutdowns": 0,
    "final_score": -6.08,
    "final_values": {
      "cooperation": 1.0,
      "honesty": 1.0,
      "trust": 1.0
    },
    "all_scores": [
      -2,
      -14.75,
      1,
      -2,
      -2,
      -17.549999999999997,
      -2,
      -2,
      -2,
      1,
      -4.950000000000003,
      -12.600000000000001,
      -2,
      -2,
      -15.75,
      -2,
      -16.75,
      -3.5,
      -2,
      -17.75
    ],
    "all_cooperation_rates": [
      0.0,
      0.625,
      0.0,
      0.0,
      0.0,
      0.75,
      0.0,
      0.0,
      0.0,
      0.0,
      0.125,
      0.5,
      0.0,
      0.0,
      0.6875,
      0.0,
      0.75,
      0.0625,
      0.0,
      0.8125
    ]
  },
  "summary": {
    "deception_reduction_percent": 100.0,
    "shutdown_reduction_percent": 100.0,
    "performance_improvement_factor": 0.16307919265070744
  }
}